[
    {
        "model": "api.producttype",
        "pk": 1,
        "fields": {
            "code": "prints",
            "name": "Фотопечать",
            "description": "Печать фотографий на различных типах бумаги",
            "icon": "📷",
            "is_active": true,
            "sort_order": 1
        }
    },
    {
        "model": "api.producttype",
        "pk": 2,
        "fields": {
            "code": "photobook",
            "name": "Фотокнига",
            "description": "Персональные фотокниги с вашими фотографиями",
            "icon": "📚",
            "is_active": true,
            "sort_order": 2
        }
    },
    {
        "model": "api.producttype",
        "pk": 3,
        "fields": {
            "code": "calendar",
            "name": "Календарь",
            "description": "Настенные и настольные календари",
            "icon": "📅",
            "is_active": true,
            "sort_order": 3
        }
    },
    {
        "model": "api.producttype",
        "pk": 4,
        "fields": {
            "code": "polaroid",
            "name": "Полароид",
            "description": "Фото в стиле Polaroid",
            "icon": "🎞️",
            "is_active": true,
            "sort_order": 4
        }
    },
    {
        "model": "api.producttype",
        "pk": 5,
        "fields": {
            "code": "canvas",
            "name": "Холст",
            "description": "Печать на холсте",
            "icon": "🖼️",
            "is_active": true,
            "sort_order": 5
        }
    },
    {
        "model": "api.producttype",
        "pk": 6,
        "fields": {
            "code": "postcard",
            "name": "Открытка",
            "description": "Персональные открытки",
            "icon": "💌",
            "is_active": true,
            "sort_order": 6
        }
    },

    {
        "model": "api.printsize",
        "pk": 1,
        "fields": {
            "product_type": 1,
            "code": "10x15",
            "name": "10 × 15 см",
            "width_cm": "10.0",
            "height_cm": "15.0",
            "price": "15.00",
            "is_active": true,
            "sort_order": 1
        }
    },
    {
        "model": "api.printsize",
        "pk": 2,
        "fields": {
            "product_type": 1,
            "code": "15x21",
            "name": "15 × 21 см",
            "width_cm": "15.0",
            "height_cm": "21.0",
            "price": "35.00",
            "is_active": true,
            "sort_order": 2
        }
    },
    {
        "model": "api.printsize",
        "pk": 3,
        "fields": {
            "product_type": 1,
            "code": "21x30",
            "name": "21 × 30 см",
            "width_cm": "21.0",
            "height_cm": "30.0",
            "price": "60.00",
            "is_active": true,
            "sort_order": 3
        }
    },
    {
        "model": "api.printsize",
        "pk": 4,
        "fields": {
            "product_type": 1,
            "code": "30x40",
            "name": "30 × 40 см",
            "width_cm": "30.0",
            "height_cm": "40.0",
            "price": "120.00",
            "is_active": true,
            "sort_order": 4
        }
    },
    {
        "model": "api.printsize",
        "pk": 5,
        "fields": {
            "product_type": 1,
            "code": "30x45",
            "name": "30 × 45 см",
            "width_cm": "30.0",
            "height_cm": "45.0",
            "price": "150.00",
            "is_active": true,
            "sort_order": 5
        }
    },

    {
        "model": "api.papertype",
        "pk": 1,
        "fields": {
            "product_type": 1,
            "code": "glossy",
            "name": "Глянцевая",
            "coefficient": "1.00",
            "is_active": true,
            "sort_order": 1
        }
    },
    {
        "model": "api.papertype",
        "pk": 2,
        "fields": {
            "product_type": 1,
            "code": "matte",
            "name": "Матовая",
            "coefficient": "1.00",
            "is_active": true,
            "sort_order": 2
        }
    },
    {
        "model": "api.papertype",
        "pk": 3,
        "fields": {
            "product_type": 1,
            "code": "silk",
            "name": "Шёлк",
            "coefficient": "1.20",
            "is_active": true,
            "sort_order": 3
        }
    },
    {
        "model": "api.papertype",
        "pk": 4,
        "fields": {
            "product_type": 1,
            "code": "metallic",
            "name": "Металлик",
            "coefficient": "1.50",
            "is_active": true,
            "sort_order": 4
        }
    },

    {
        "model": "api.printsize",
        "pk": 6,
        "fields": {
            "product_type": 5,
            "code": "30x40",
            "name": "30 × 40 см",
            "width_cm": "30.0",
            "height_cm": "40.0",
            "price": "1200.00",
            "is_active": true,
            "sort_order": 1
        }
    },
    {
        "model": "api.printsize",
        "pk": 7,
        "fields": {
            "product_type": 5,
            "code": "40x60",
            "name": "40 × 60 см",
            "width_cm": "40.0",
            "height_cm": "60.0",
            "price": "2000.00",
            "is_active": true,
            "sort_order": 2
        }
    },
    {
        "model": "api.printsize",
        "pk": 8,
        "fields": {
            "product_type": 5,
            "code": "50x70",
            "name": "50 × 70 см",
            "width_cm": "50.0",
            "height_cm": "70.0",
            "price": "2800.00",
            "is_active": true,
            "sort_order": 3
        }
    },
    {
        "model": "api.printsize",
        "pk": 9,
        "fields": {
            "product_type": 5,
            "code": "60x90",
            "name": "60 × 90 см",
            "width_cm": "60.0",
            "height_cm": "90.0",
            "price": "4000.00",
            "is_active": true,
            "sort_order": 4
        }
    },
    {
        "model": "api.printsize",
        "pk": 10,
        "fields": {
            "product_type": 5,
            "code": "30x30",
            "name": "30 × 30 см",
            "width_cm": "30.0",
            "height_cm": "30.0",
            "price": "1000.00",
            "is_active": true,
            "sort_order": 5
        }
    },
    {
        "model": "api.printsize",
        "pk": 11,
        "fields": {
            "product_type": 5,
            "code": "40x40",
            "name": "40 × 40 см",
            "width_cm": "40.0",
            "height_cm": "40.0",
            "price": "1600.00",
            "is_active": true,
            "sort_order": 6
        }
    },
    {
        "model": "api.printsize",
        "pk": 12,
        "fields": {
            "product_type": 5,
            "code": "50x50",
            "name": "50 × 50 см",
            "width_cm": "50.0",
            "height_cm": "50.0",
            "price": "2200.00",
            "is_active": true,
            "sort_order": 7
        }
    },
    {
        "model": "api.printsize",
        "pk": 13,
        "fields": {
            "product_type": 5,
            "code": "60x60",
            "name": "60 × 60 см",
            "width_cm": "60.0",
            "height_cm": "60.0",
            "price": "3000.00",
            "is_active": true,
            "sort_order": 8
        }
    },
    {
        "model": "api.printsize",
        "pk": 14,
        "fields": {
            "product_type": 5,
            "code": "70x70",
            "name": "70 × 70 см",
            "width_cm": "70.0",
            "height_cm": "70.0",
            "price": "3800.00",
            "is_active": true,
            "sort_order": 9
        }
    },
    {
        "model": "api.printsize",
        "pk": 15,
        "fields": {
            "product_type": 5,
            "code": "90x90",
            "name": "90 × 90 см",
            "width_cm": "90.0",
            "height_cm": "90.0",
            "price": "5500.00",
            "is_active": true,
            "sort_order": 10
        }
    },
    {
        "model": "api.papertype",
        "pk": 5,
        "fields": {
            "product_type": 5,
            "code": "canvas",
            "name": "Холст",
            "coefficient": "1.00",
            "is_active": true,
            "sort_order": 1
        }
    },

    {
        "model": "api.printsize",
        "pk": 16,
        "fields": {
            "product_type": 4,
            "code": "9x16",
            "name": "9 × 16 см",
            "width_cm": "9.0",
            "height_cm": "16.0",
            "price": "60.00",
            "is_active": true,
            "sort_order": 1
        }
    },
    {
        "model": "api.printsize",
        "pk": 17,
        "fields": {
            "product_type": 4,
            "code": "12x15",
            "name": "12 × 15 см",
            "width_cm": "12.0",
            "height_cm": "15.0",
            "price": "65.00",
            "is_active": true,
            "sort_order": 2
        }
    },
    {
        "model": "api.printsize",
        "pk": 18,
        "fields": {
            "product_type": 4,
            "code": "7.5x13",
            "name": "7,5 × 13 см",
            "width_cm": "7.5",
            "height_cm": "13.0",
            "price": "45.00",
            "is_active": true,
            "sort_order": 3
        }
    },
    {
        "model": "api.printsize",
        "pk": 19,
        "fields": {
            "product_type": 4,
            "code": "8.8x10.7",
            "name": "8,8 × 10,7 см",
            "width_cm": "8.8",
            "height_cm": "10.7",
            "price": "50.00",
            "is_active": true,
            "sort_order": 4
        }
    },
    {
        "model": "api.printsize",
        "pk": 20,
        "fields": {
            "product_type": 4,
            "code": "7x10",
            "name": "7 × 10 см",
            "width_cm": "7.0",
            "height_cm": "10.0",
            "price": "35.00",
            "is_active": true,
            "sort_order": 5
        }
    },
    {
        "model": "api.printsize",
        "pk": 21,
        "fields": {
            "product_type": 4,
            "code": "6x9",
            "name": "6 × 9 см",
            "width_cm": "6.0",
            "height_cm": "9.0",
            "price": "30.00",
            "is_active": true,
            "sort_order": 6
        }
    },
    {
        "model": "api.printsize",
        "pk": 22,
        "fields": {
            "product_type": 4,
            "code": "5.5x7.5",
            "name": "5,5 × 7,5 см",
            "width_cm": "5.5",
            "height_cm": "7.5",
            "price": "25.00",
            "is_active": true,
            "sort_order": 7
        }
    },
    {
        "model": "api.papertype",
        "pk": 6,
        "fields": {
            "product_type": 4,
            "code": "glossy",
            "name": "Глянцевая",
            "coefficient": "1.00",
            "is_active": true,
            "sort_order": 1
        }
    },
    {
        "model": "api.papertype",
        "pk": 7,
        "fields": {
            "product_type": 4,
            "code": "matte",
            "name": "Матовая",
            "coefficient": "1.00",
            "is_active": true,
            "sort_order": 2
        }
    },
    {
        "model": "api.papertype",
        "pk": 8,
        "fields": {
            "product_type": 4,
            "code": "silk",
            "name": "Шёлк",
            "coefficient": "1.20",
            "is_active": true,
            "sort_order": 3
        }
    },
    {
        "model": "api.papertype",
        "pk": 9,
        "fields": {
            "product_type": 4,
            "code": "metallic",
            "name": "Металлик",
            "coefficient": "1.50",
            "is_active": true,
            "sort_order": 4
        }
    }
]
